Company Name,ATS System,Status,Last Attempted (UTC),Details
Razorpay,Greenhouse,Success,2026-07-16 19:17:39,Found 3 jobs
PhonePe,Greenhouse,Success,2026-07-16 19:17:39,Found 18 jobs
Groww,Greenhouse,Success,2026-07-16 19:17:39,Found 2 jobs
Postman,Greenhouse,Success,2026-07-16 19:17:39,Found 4 jobs
Coinbase,Greenhouse,Success,2026-07-16 19:17:39,Found 22 jobs
Rubrik,Greenhouse,Success,2026-07-16 19:17:39,Found 4 jobs
Tekion,Greenhouse,Success,2026-07-16 19:17:39,Found 18 jobs
InMobi,Greenhouse,Success,2026-07-16 19:17:39,Found 8 jobs
DeepMind,Greenhouse,Success,2026-07-16 19:17:39,Found 0 jobs
Glean,Greenhouse,Success,2026-07-16 19:17:39,Found 13 jobs
Stripe,Greenhouse,Success,2026-07-16 19:17:39,Found 45 jobs
Samsara,Greenhouse,Success,2026-07-16 19:17:39,Found 57 jobs
Mixpanel,Greenhouse,Success,2026-07-16 19:17:39,Found 2 jobs
Zscaler,Greenhouse,Success,2026-07-16 19:17:39,Found 29 jobs
PagerDuty,Greenhouse,Success,2026-07-16 19:17:39,Found 0 jobs
YugabyteDB,Greenhouse,Success,2026-07-16 19:17:39,Found 2 jobs
Vercel,Greenhouse,Success,2026-07-16 19:17:39,Found 9 jobs
Brex,Greenhouse,Success,2026-07-16 19:17:39,Found 0 jobs
Figma,Greenhouse,Success,2026-07-16 19:17:39,Found 1 jobs
Airtable,Greenhouse,Success,2026-07-16 19:17:39,Found 8 jobs
Airbnb,Greenhouse,Success,2026-07-16 19:17:39,Found 7 jobs
Reddit,Greenhouse,Success,2026-07-16 19:17:39,Found 29 jobs
Databricks,Greenhouse,Success,2026-07-16 19:17:39,Found 7 jobs
MongoDB,Greenhouse,Success,2026-07-16 19:17:39,Found 10 jobs
Twilio,Greenhouse,Success,2026-07-16 19:17:39,Found 38 jobs
Elastic,Greenhouse,Success,2026-07-16 19:17:39,Found 2 jobs
Okta,Greenhouse,Success,2026-07-16 19:17:39,Found 11 jobs
Affirm,Greenhouse,Success,2026-07-16 19:17:39,Found 44 jobs
Cloudflare,Greenhouse,Success,2026-07-16 19:17:39,Found 2 jobs
Remote.com,Greenhouse,Success,2026-07-16 19:17:39,Found 0 jobs
Jane Street,Greenhouse,Success,2026-07-16 19:17:39,Found 0 jobs
Slice,Greenhouse,Success,2026-07-16 19:17:39,Found 1 jobs
CRED,Lever,Success,2026-07-16 19:17:39,Found 2 jobs
Meesho,Lever,Success,2026-07-16 19:17:39,Found 10 jobs
Paytm,Lever,Success,2026-07-16 19:17:39,Found 38 jobs
Hevo Data,Lever,Success,2026-07-16 19:17:39,Found 11 jobs
Stable Money,Lever,Success,2026-07-16 19:17:39,Found 4 jobs
Zeta,Lever,Success,2026-07-16 19:17:39,Found 3 jobs
Sprinto,Lever,Success,2026-07-16 19:17:39,Found 8 jobs
Mindtickle,Lever,Success,2026-07-16 19:17:39,Found 13 jobs
fi.money,Lever,Success,2026-07-16 19:17:39,Found 2 jobs
FamPay,Lever,Success,2026-07-16 19:17:39,Found 5 jobs
JumpCloud,Lever,Success,2026-07-16 19:17:39,Found 6 jobs
Pocket FM,Lever,Success,2026-07-16 19:17:39,Found 0 jobs
contentSquare,Lever,Success,2026-07-16 19:17:39,Found 0 jobs
Salesforce,Workday,Success,2026-07-16 19:17:39,Found 5 jobs
Samsung,Workday,Success,2026-07-16 19:17:39,Found 0 jobs
Nvidia,Workday,Success,2026-07-16 19:17:39,Found 1 jobs
Cohesity,Workday,Success,2026-07-16 19:17:39,Found 2 jobs
Superhuman,Ashby,Success,2026-07-16 19:17:39,Found 0 jobs
PostHog,Ashby,Success,2026-07-16 19:17:39,Found 0 jobs
Notion,Ashby,Success,2026-07-16 19:17:39,Found 0 jobs
Linear,Ashby,Success,2026-07-16 19:17:39,Found 0 jobs
Maze,Ashby,Success,2026-07-16 19:17:39,Found 0 jobs
Freshworks,SmartRecruiters,Success,2026-07-16 19:17:39,Found 7 jobs
BrowserStack,SmartRecruiters,Success,2026-07-16 19:17:39,Found 0 jobs
Chargebee,SmartRecruiters,Success,2026-07-16 19:17:39,Found 0 jobs
Zomato,SmartRecruiters,Success,2026-07-16 19:17:39,Found 1 jobs
Canva,SmartRecruiters,Success,2026-07-16 19:17:39,Found 9 jobs
Agoda,SmartRecruiters,Success,2026-07-16 19:17:39,Found 0 jobs
Whatfix,SmartRecruiters,Success,2026-07-16 19:17:39,Found 0 jobs
Swiggy,SmartRecruiters,Success,2026-07-16 19:17:39,Found 0 jobs
Nykaa,SmartRecruiters,Success,2026-07-16 19:17:39,Found 0 jobs
Clevertap,SmartRecruiters,Success,2026-07-16 19:17:39,Found 0 jobs
Darwinbox,SmartRecruiters,Success,2026-07-16 19:17:39,Found 0 jobs
ShareChat,SmartRecruiters,Success,2026-07-16 19:17:39,Found 0 jobs
Turing,SmartRecruiters,Success,2026-07-16 19:17:39,Found 0 jobs
Games24x7,SmartRecruiters,Success,2026-07-16 19:17:39,Found 0 jobs
Juspay,SmartRecruiters,Success,2026-07-16 19:17:39,Found 0 jobs
Jupiter,Keka Hire,Success,2026-07-16 19:17:39,Found 0 jobs
Chalo,Keka Hire,Success,2026-07-16 19:17:39,Found 0 jobs
Epigamia,Keka Hire,Success,2026-07-16 19:17:39,Found 0 jobs
Toppr,Keka Hire,Success,2026-07-16 19:17:39,Found 0 jobs
mFine,Keka Hire,Success,2026-07-16 19:17:39,Found 0 jobs
Park+,Keka Hire,Success,2026-07-16 19:17:39,Found 0 jobs
Loco,Keka Hire,Success,2026-07-16 19:17:39,Found 0 jobs
Zupay,Keka Hire,Success,2026-07-16 19:17:39,Found 0 jobs
Obvious,Keka Hire,Success,2026-07-16 19:17:39,Found 0 jobs
GitHub,iCIMS,Success,2026-07-16 19:17:39,Found 0 jobs
Amazon,Custom JSON API,Success,2026-07-16 19:17:39,Found 332 jobs
